id,DATE,avg_AirTemp
1,1-Jan-18,25.45
2,2-Jan-18,26.4
3,3-Jan-18,26.35
4,4-Jan-18,27.45
5,5-Jan-18,27.45
6,6-Jan-18,26.55
7,7-Jan-18,26.75
8,8-Jan-18,27.1
9,9-Jan-18,27.1
10,10-Jan-18,26.5
11,11-Jan-18,25.45
12,12-Jan-18,25
13,13-Jan-18,24.15
14,14-Jan-18,25.35
15,15-Jan-18,25.4
16,16-Jan-18,25.55
17,17-Jan-18,26.2
18,18-Jan-18,26.55
19,19-Jan-18,26.1
20,20-Jan-18,26.35
21,21-Jan-18,26.45
22,22-Jan-18,26.75
23,23-Jan-18,26.2
24,24-Jan-18,26.95
25,25-Jan-18,26.75
26,26-Jan-18,27.05
27,27-Jan-18,27.45
28,28-Jan-18,27.55
29,29-Jan-18,24.5
30,30-Jan-18,25.4
31,31-Jan-18,26.45
32,1-Feb-18,23.7
33,2-Feb-18,25.45
34,3-Feb-18,24.5
35,4-Feb-18,23.5
36,5-Feb-18,22.55
37,6-Feb-18,24.15
38,7-Feb-18,24.15
39,8-Feb-18,23.2
40,9-Feb-18,24.55
41,10-Feb-18,24.85
42,11-Feb-18,26.3
43,12-Feb-18,28.3
44,13-Feb-18,24.55
45,14-Feb-18,25.45
46,15-Feb-18,27.05
47,16-Feb-18,26.9
48,17-Feb-18,27.6
49,18-Feb-18,26.5
50,19-Feb-18,27.25
51,20-Feb-18,25.7
52,21-Feb-18,25.8
53,22-Feb-18,25.8
54,23-Feb-18,27.95
55,24-Feb-18,25.95
56,25-Feb-18,26.25
57,26-Feb-18,28
58,27-Feb-18,27.4
59,28-Feb-18,26.8
60,1-Mar-18,26.1
61,2-Mar-18,28.95
62,3-Mar-18,27.9
63,4-Mar-18,27.9
64,5-Mar-18,27.8
65,6-Mar-18,27.35
66,7-Mar-18,27.9
67,8-Mar-18,28.85
68,9-Mar-18,26.6
69,10-Mar-18,27.25
70,11-Mar-18,24.65
71,12-Mar-18,26.1
72,13-Mar-18,25.15
73,14-Mar-18,25.2
74,15-Mar-18,26.5
75,16-Mar-18,26.75
76,17-Mar-18,26.55
77,18-Mar-18,26.4
78,19-Mar-18,26.2
79,20-Mar-18,26.6
80,21-Mar-18,25.95
81,22-Mar-18,25.1
82,23-Mar-18,26.2
83,24-Mar-18,26.95
84,25-Mar-18,26.15
85,26-Mar-18,25.5
86,27-Mar-18,24.7
87,28-Mar-18,25
88,29-Mar-18,25.55
89,30-Mar-18,25.5
90,31-Mar-18,27.05
91,1-Apr-18,27.15
92,2-Apr-18,26.6
93,3-Apr-18,26.3
94,4-Apr-18,26.9
95,5-Apr-18,26.35
96,6-Apr-18,27.3
97,7-Apr-18,26.4
98,8-Apr-18,26.95
99,9-Apr-18,28.55
100,10-Apr-18,28.45
101,11-Apr-18,27.3
102,12-Apr-18,28.45
103,13-Apr-18,28.65
104,14-Apr-18,28.75
105,15-Apr-18,29
106,16-Apr-18,27.8
107,17-Apr-18,28.9
108,18-Apr-18,28.1
109,19-Apr-18,28.4
110,20-Apr-18,28.05
111,21-Apr-18,27.9
112,22-Apr-18,29.7
113,23-Apr-18,29.8
114,24-Apr-18,29.25
115,25-Apr-18,29.9
116,26-Apr-18,28.3
117,27-Apr-18,29.35
118,28-Apr-18,28.5
119,29-Apr-18,30.2
120,30-Apr-18,30.35
121,1-May-18,29.45
122,2-May-18,30.35
123,3-May-18,30.7
124,4-May-18,30.55
125,5-May-18,29.85
126,6-May-18,30
127,7-May-18,30.8
128,8-May-18,30.4
129,9-May-18,29.55
130,10-May-18,29.8
131,11-May-18,29.55
132,12-May-18,30.05
133,13-May-18,29.35
134,14-May-18,29.85
135,15-May-18,29.7
136,16-May-18,30.35
137,17-May-18,29.8
138,18-May-18,28.7
139,19-May-18,30.4
140,20-May-18,30.5
141,21-May-18,30.5
142,22-May-18,30.85
143,23-May-18,30
144,24-May-18,29.9
145,25-May-18,31.15
146,26-May-18,30.3
147,27-May-18,30.7
148,28-May-18,30.9
149,29-May-18,31.2
150,30-May-18,31.1
151,31-May-18,31.65
152,1-Jun-18,30.2
153,2-Jun-18,31.05
154,3-Jun-18,30.85
155,4-Jun-18,29.15
156,5-Jun-18,30.35
157,6-Jun-18,30.45
158,7-Jun-18,29.9
159,8-Jun-18,29.7
160,9-Jun-18,28.7
161,10-Jun-18,28.65
162,11-Jun-18,26.9
163,12-Jun-18,27.05
164,13-Jun-18,27.4
165,14-Jun-18,26.4
166,15-Jun-18,26.6
167,16-Jun-18,27.6
168,17-Jun-18,28.75
169,18-Jun-18,29
170,19-Jun-18,29.9
171,20-Jun-18,29.65
172,21-Jun-18,28.4
173,22-Jun-18,27.75
174,23-Jun-18,28.3
175,24-Jun-18,27.7
176,25-Jun-18,29.05
177,26-Jun-18,28.3
178,27-Jun-18,28.25
179,28-Jun-18,28.4
180,29-Jun-18,28.85
181,30-Jun-18,28.75
182,1-Jul-18,26.95
183,2-Jul-18,28.7
184,3-Jul-18,28.75
185,4-Jul-18,28.65
186,5-Jul-18,28.85
187,6-Jul-18,28.7
188,7-Jul-18,29.3
189,8-Jul-18,28.85
190,9-Jul-18,28.65
191,10-Jul-18,28.05
192,11-Jul-18,28.8
193,12-Jul-18,28.6
194,13-Jul-18,27.7
195,14-Jul-18,28.25
196,15-Jul-18,28.25
197,16-Jul-18,28.7
198,17-Jul-18,28.5
199,18-Jul-18,27.95
200,19-Jul-18,27.55
201,20-Jul-18,26.8
202,21-Jul-18,27.6
203,22-Jul-18,28.45
204,23-Jul-18,28.45
205,24-Jul-18,28.75
206,25-Jul-18,28.9
207,26-Jul-18,27.95
208,27-Jul-18,27.6
209,28-Jul-18,28.3
210,29-Jul-18,28.5
211,30-Jul-18,29.1
212,31-Jul-18,29.05
213,1-Aug-18,28.65
214,2-Aug-18,29.05
215,3-Aug-18,28.8
216,4-Aug-18,28.25
217,5-Aug-18,29.35
218,6-Aug-18,29.1
219,7-Aug-18,28.5
220,8-Aug-18,29
221,9-Aug-18,29.35
222,10-Aug-18,28.25
223,11-Aug-18,26.75
224,12-Aug-18,25.5
225,13-Aug-18,27.1
226,14-Aug-18,27.35
227,15-Aug-18,26.35
228,16-Aug-18,29.05
229,17-Aug-18,27.3
230,18-Aug-18,28.5
231,19-Aug-18,28.2
232,20-Aug-18,28.95
233,21-Aug-18,27.15
234,22-Aug-18,28.15
235,23-Aug-18,27.15
236,24-Aug-18,27.05
237,25-Aug-18,26.05
238,26-Aug-18,25.75
239,27-Aug-18,26.7
240,28-Aug-18,28.35
241,29-Aug-18,27.85
242,30-Aug-18,28.1
243,31-Aug-18,28.1
244,1-Sep-18,28.4
245,2-Sep-18,28.4
246,3-Sep-18,28.15
247,4-Sep-18,28.35
248,5-Sep-18,28
249,6-Sep-18,28.85
250,7-Sep-18,28.2
251,8-Sep-18,28.45
252,9-Sep-18,28.15
253,10-Sep-18,26.8
254,11-Sep-18,26.15
255,12-Sep-18,27.45
256,13-Sep-18,28.15
257,14-Sep-18,28.4
258,15-Sep-18,27.75
259,16-Sep-18,26.95
260,17-Sep-18,29.45
261,18-Sep-18,28.8
262,19-Sep-18,28.8
263,20-Sep-18,29.65
264,21-Sep-18,29.6
265,22-Sep-18,28.85
266,23-Sep-18,28.25
267,24-Sep-18,27.85
268,25-Sep-18,28.5
269,26-Sep-18,27.95
270,27-Sep-18,28.15
271,28-Sep-18,28.85
272,29-Sep-18,30.75
273,30-Sep-18,26.9
274,1-Oct-18,27.3
275,2-Oct-18,28.7
276,3-Oct-18,28.35
277,4-Oct-18,27.7
278,5-Oct-18,26.95
279,6-Oct-18,27.55
280,7-Oct-18,27.85
281,8-Oct-18,27.65
282,9-Oct-18,27.95
283,10-Oct-18,27.65
284,11-Oct-18,27.75
285,12-Oct-18,28.75
286,13-Oct-18,29.2
287,14-Oct-18,28.7
288,15-Oct-18,29.1
289,16-Oct-18,28.65
290,17-Oct-18,28.25
291,18-Oct-18,29.35
292,19-Oct-18,29.6
293,20-Oct-18,28.55
294,21-Oct-18,28.2
295,22-Oct-18,27.9
296,23-Oct-18,27.3
297,24-Oct-18,28.3
298,25-Oct-18,27.4
299,26-Oct-18,27.6
300,27-Oct-18,28.6
301,28-Oct-18,27.3
302,29-Oct-18,27
303,30-Oct-18,27.3
304,31-Oct-18,26.75
305,1-Nov-18,27.7
306,2-Nov-18,28.6
307,3-Nov-18,28
308,4-Nov-18,27.95
309,5-Nov-18,27.25
310,6-Nov-18,27.7
311,7-Nov-18,28.55
312,8-Nov-18,28.05
313,9-Nov-18,26.9
314,10-Nov-18,26.4
315,11-Nov-18,26.15
316,12-Nov-18,26.4
317,13-Nov-18,26.15
318,14-Nov-18,27.1
319,15-Nov-18,28.4
320,16-Nov-18,27.95
321,17-Nov-18,27.85
322,18-Nov-18,27.75
323,19-Nov-18,27.05
324,20-Nov-18,26.65
325,21-Nov-18,26.45
326,22-Nov-18,29.65
327,23-Nov-18,29.1
328,24-Nov-18,27.45
329,25-Nov-18,27.8
330,26-Nov-18,29.6
331,27-Nov-18,27.3
332,28-Nov-18,26.9
333,29-Nov-18,26.6
334,30-Nov-18,26.85
335,1-Dec-18,27.55
336,2-Dec-18,26.15
337,3-Dec-18,26.05
338,4-Dec-18,26.5
339,5-Dec-18,27.15
340,6-Dec-18,27.6
341,7-Dec-18,27.6
342,8-Dec-18,27.4
343,9-Dec-18,27.85
344,10-Dec-18,27.25
345,11-Dec-18,26.25
346,12-Dec-18,26.4
347,13-Dec-18,28.05
348,14-Dec-18,27.9
349,15-Dec-18,27.1
350,16-Dec-18,27.45
351,17-Dec-18,26.8
352,18-Dec-18,25.7
353,19-Dec-18,26.3
354,20-Dec-18,26.45
355,21-Dec-18,25.05
356,22-Dec-18,28.65
357,23-Dec-18,29.6
358,24-Dec-18,28.5
359,25-Dec-18,28.7
360,26-Dec-18,27.05
361,27-Dec-18,28.3
362,28-Dec-18,27.3
363,29-Dec-18,28.05
364,30-Dec-18,26.2
365,31-Dec-18,26.6
366,1-Jan-19,27.1
367,2-Jan-19,26.6
368,3-Jan-19,28
369,4-Jan-19,27.95
370,5-Jan-19,26.85
371,6-Jan-19,25.55
372,7-Jan-19,27.15
373,8-Jan-19,25.35
374,9-Jan-19,25.15
375,10-Jan-19,26.55
376,11-Jan-19,26.45
377,12-Jan-19,26.25
378,13-Jan-19,25.4
379,14-Jan-19,25.3
380,15-Jan-19,23.9
381,16-Jan-19,26.25
382,17-Jan-19,25.7
383,18-Jan-19,25.65
384,19-Jan-19,26.2
385,20-Jan-19,25.4
386,21-Jan-19,25.55
387,22-Jan-19,27.35
388,23-Jan-19,23.5
389,24-Jan-19,25.2
390,25-Jan-19,25.95
391,26-Jan-19,25.15
392,27-Jan-19,24.9
393,28-Jan-19,23.45
394,29-Jan-19,23.8
395,30-Jan-19,21.85
396,31-Jan-19,23.45
397,1-Feb-19,24.55
398,2-Feb-19,25.05
399,3-Feb-19,23.95
400,4-Feb-19,24.45
401,5-Feb-19,25.95
402,6-Feb-19,24
403,7-Feb-19,25.15
404,8-Feb-19,24.9
405,9-Feb-19,25
406,10-Feb-19,25.75
407,11-Feb-19,24.75
408,12-Feb-19,26.05
409,13-Feb-19,25.3
410,14-Feb-19,26.05
411,15-Feb-19,25.45
412,16-Feb-19,25
413,17-Feb-19,25.5
414,18-Feb-19,24.5
415,19-Feb-19,26.2
416,20-Feb-19,31.45
417,21-Feb-19,27.8
418,22-Feb-19,28.5
419,23-Feb-19,27.3
420,24-Feb-19,25.25
421,25-Feb-19,25.5
422,26-Feb-19,24.25
423,27-Feb-19,25.2
424,28-Feb-19,25.2
425,1-Mar-19,25.8
426,2-Mar-19,26.05
427,3-Mar-19,25.5
428,4-Mar-19,24.7
429,5-Mar-19,27.45
430,6-Mar-19,27.15
431,7-Mar-19,26.9
432,8-Mar-19,26.65
433,9-Mar-19,26.85
434,10-Mar-19,26.75
435,11-Mar-19,26.65
436,12-Mar-19,27.35
437,13-Mar-19,26.75
438,14-Mar-19,26.35
439,15-Mar-19,26.1
440,16-Mar-19,26.65
441,17-Mar-19,28.9
442,18-Mar-19,27.6
443,19-Mar-19,27.45
444,20-Mar-19,28.1
445,21-Mar-19,26.45
446,22-Mar-19,26.9
447,23-Mar-19,25.55
448,24-Mar-19,26
449,25-Mar-19,28
450,26-Mar-19,26.5
451,27-Mar-19,27.1
452,28-Mar-19,26.3
453,29-Mar-19,27.2
454,30-Mar-19,28.15
455,31-Mar-19,28.55
456,1-Apr-19,28.15
457,2-Apr-19,28.05
458,3-Apr-19,28
459,4-Apr-19,27.9
460,5-Apr-19,28.5
461,6-Apr-19,28.95
462,7-Apr-19,28.1
463,8-Apr-19,28.3
464,9-Apr-19,28.9
465,10-Apr-19,30
466,11-Apr-19,29
467,12-Apr-19,29.1
468,13-Apr-19,30.8
469,14-Apr-19,30.55
470,15-Apr-19,29.9
471,16-Apr-19,29.9
472,17-Apr-19,30
473,18-Apr-19,28.45
474,19-Apr-19,29.2
475,20-Apr-19,30.4
476,21-Apr-19,29.5
477,22-Apr-19,29.4
478,23-Apr-19,28.9
479,24-Apr-19,30.55
480,25-Apr-19,29.6
481,26-Apr-19,29.75
482,27-Apr-19,29.5
483,28-Apr-19,30.5
484,29-Apr-19,30.5
485,30-Apr-19,30.7
486,1-May-19,30.15
487,2-May-19,30.45
488,3-May-19,29.65
489,4-May-19,30.25
490,5-May-19,29.25
491,6-May-19,29.35
492,7-May-19,28.55
493,8-May-19,27.85
494,9-May-19,29.1
495,10-May-19,28.65
496,11-May-19,28.85
497,12-May-19,28.25
498,13-May-19,28.8
499,14-May-19,29.25
500,15-May-19,30.05
501,16-May-19,29
502,17-May-19,29.45
503,18-May-19,30
504,19-May-19,29.3
505,20-May-19,29.45
506,21-May-19,30.4
507,22-May-19,30.25
508,23-May-19,29.4
509,24-May-19,29.55
510,25-May-19,30.05
511,26-May-19,30.4
512,27-May-19,28.95
513,28-May-19,29.2
514,29-May-19,34.15
515,30-May-19,29.5
516,31-May-19,29.95
517,1-Jun-19,30.1
518,2-Jun-19,30.9
519,3-Jun-19,30.45
520,4-Jun-19,30.55
521,5-Jun-19,29.8
522,6-Jun-19,29.85
523,7-Jun-19,30.6
524,8-Jun-19,30.6
525,9-Jun-19,29.95
526,10-Jun-19,30.5
527,11-Jun-19,30
528,12-Jun-19,31.45
529,13-Jun-19,30.65
530,14-Jun-19,29.55
531,15-Jun-19,29.05
532,16-Jun-19,27.6
533,17-Jun-19,29.7
534,18-Jun-19,30.4
535,19-Jun-19,29.85
536,20-Jun-19,29.85
537,21-Jun-19,30.2
538,22-Jun-19,30.4
539,23-Jun-19,30.1
540,24-Jun-19,31.9
541,25-Jun-19,29.3
542,26-Jun-19,28.6
543,27-Jun-19,29.4
544,28-Jun-19,28.6
545,29-Jun-19,29.1
546,30-Jun-19,26.75
547,1-Jul-19,28.75
548,2-Jul-19,29.5
549,3-Jul-19,29.65
550,4-Jul-19,29.9
551,5-Jul-19,29.3
552,6-Jul-19,29.1
553,7-Jul-19,28.85
554,8-Jul-19,29.55
555,9-Jul-19,28.7
556,10-Jul-19,29
557,11-Jul-19,28.4
558,12-Jul-19,28.75
559,13-Jul-19,29
560,14-Jul-19,29.1
561,15-Jul-19,28.9
562,16-Jul-19,29.45
563,17-Jul-19,28.65
564,18-Jul-19,28.3
565,19-Jul-19,28.1
566,20-Jul-19,28.75
567,21-Jul-19,28.7
568,22-Jul-19,28.9
569,23-Jul-19,29.25
570,24-Jul-19,28.75
571,25-Jul-19,28.8
572,26-Jul-19,29.1
573,27-Jul-19,29.15
574,28-Jul-19,28.2
575,29-Jul-19,27.4
576,30-Jul-19,27.2
577,31-Jul-19,28.05
578,1-Aug-19,29.45
579,2-Aug-19,29.05
580,3-Aug-19,26.9
581,4-Aug-19,28.25
582,5-Aug-19,28.45
583,6-Aug-19,28.4
584,7-Aug-19,28.95
585,8-Aug-19,29.5
586,9-Aug-19,29.3
587,10-Aug-19,27.35
588,11-Aug-19,28.5
589,12-Aug-19,28.8
590,13-Aug-19,29
591,14-Aug-19,28.6
592,15-Aug-19,30.2
593,16-Aug-19,30.5
594,17-Aug-19,30.55
595,18-Aug-19,29.8
596,19-Aug-19,29.25
597,20-Aug-19,29.8
598,21-Aug-19,28.55
599,22-Aug-19,29.55
600,23-Aug-19,29.25
601,24-Aug-19,28.65
602,25-Aug-19,27
603,26-Aug-19,29.05
604,27-Aug-19,27.45
605,28-Aug-19,26.5
606,29-Aug-19,29.15
607,30-Aug-19,30
608,31-Aug-19,28.4
609,1-Sep-19,25.65
610,2-Sep-19,28
611,3-Sep-19,28.55
612,4-Sep-19,28.05
613,5-Sep-19,28.5
614,6-Sep-19,27.8
615,7-Sep-19,28.05
616,8-Sep-19,26.75
617,9-Sep-19,26.4
618,10-Sep-19,27.75
619,11-Sep-19,27.25
620,12-Sep-19,28.15
621,13-Sep-19,27.75
622,14-Sep-19,28.65
623,15-Sep-19,28.15
624,16-Sep-19,27.75
625,17-Sep-19,29.15
626,18-Sep-19,28.35
627,19-Sep-19,28.75
628,20-Sep-19,25.15
629,21-Sep-19,27
630,22-Sep-19,25.4
631,23-Sep-19,26.4
632,24-Sep-19,27.95
633,25-Sep-19,28.75
634,26-Sep-19,28.35
635,27-Sep-19,29.85
636,28-Sep-19,28.65
637,29-Sep-19,28.4
638,30-Sep-19,27.55
639,1-Oct-19,25.55
640,2-Oct-19,28.25
641,3-Oct-19,27.65
642,4-Oct-19,27.15
643,5-Oct-19,27
644,6-Oct-19,27.05
645,7-Oct-19,27.4
646,8-Oct-19,27.05
647,9-Oct-19,28.65
648,10-Oct-19,28.15
649,11-Oct-19,27.6
650,12-Oct-19,26.55
651,13-Oct-19,26.45
652,14-Oct-19,27.8
653,15-Oct-19,28.7
654,16-Oct-19,28.9
655,17-Oct-19,28.2
656,18-Oct-19,27.95
657,19-Oct-19,28.05
658,20-Oct-19,27.95
659,21-Oct-19,27.95
660,22-Oct-19,27.55
661,23-Oct-19,28.15
662,24-Oct-19,28.25
663,25-Oct-19,29.05
664,26-Oct-19,28.7
665,27-Oct-19,27.6
666,28-Oct-19,27.65
667,29-Oct-19,28.15
668,30-Oct-19,29.75
669,31-Oct-19,28.55
670,1-Nov-19,29.15
671,2-Nov-19,28.8
672,3-Nov-19,28.55
673,4-Nov-19,27.7
674,5-Nov-19,28.5
675,6-Nov-19,26.75
676,7-Nov-19,28
677,8-Nov-19,26.6
678,9-Nov-19,26.75
679,10-Nov-19,26.65
680,11-Nov-19,26.7
681,12-Nov-19,27.2
682,13-Nov-19,26.6
683,14-Nov-19,27.65
684,15-Nov-19,25.55
685,16-Nov-19,26.7
686,17-Nov-19,29.45
687,18-Nov-19,28.55
688,19-Nov-19,29
689,20-Nov-19,25.5
690,21-Nov-19,26.2
691,22-Nov-19,25.75
692,23-Nov-19,27.1
693,24-Nov-19,26.3
694,25-Nov-19,27.4
695,26-Nov-19,28.35
696,27-Nov-19,28.15
697,28-Nov-19,28.6
698,29-Nov-19,26.85
699,30-Nov-19,24.1
700,1-Dec-19,24.8
701,2-Dec-19,25.75
702,3-Dec-19,26.55
703,4-Dec-19,26.5
704,5-Dec-19,25.9
705,6-Dec-19,27.1
706,7-Dec-19,25.55
707,8-Dec-19,25.7
708,9-Dec-19,24.05
709,10-Dec-19,24.6
710,11-Dec-19,27.05
711,12-Dec-19,24.95
712,13-Dec-19,26.6
713,14-Dec-19,27.55
714,15-Dec-19,27.8
715,16-Dec-19,27.7
716,17-Dec-19,27.35
717,18-Dec-19,26.05
718,19-Dec-19,27
719,20-Dec-19,27.45
720,21-Dec-19,26.5
721,22-Dec-19,26.85
722,23-Dec-19,25.4
723,24-Dec-19,26.65
724,25-Dec-19,26.05
725,26-Dec-19,28.45
726,27-Dec-19,28.7
727,28-Dec-19,26.85
728,29-Dec-19,27.65
729,30-Dec-19,26.95
730,31-Dec-19,26.1
731,1-Jan-20,28.6
732,2-Jan-20,26.5
733,3-Jan-20,25.65
734,4-Jan-20,23.95
735,5-Jan-20,25.7
736,6-Jan-20,25.45
737,7-Jan-20,25.65
738,8-Jan-20,25.9
739,9-Jan-20,28.5
740,10-Jan-20,25.85
741,11-Jan-20,28.1
742,12-Jan-20,27.05
743,13-Jan-20,24.4
744,14-Jan-20,23.55
745,15-Jan-20,25.45
746,16-Jan-20,27.1
747,17-Jan-20,25.5
748,18-Jan-20,25.25
749,19-Jan-20,25.65
750,20-Jan-20,24.75
751,21-Jan-20,24.3
752,22-Jan-20,24.15
753,23-Jan-20,24.25
754,24-Jan-20,24.8
755,25-Jan-20,27.1
756,26-Jan-20,26.75
757,27-Jan-20,25.75
758,28-Jan-20,24.75
759,29-Jan-20,25.95
760,30-Jan-20,25.7
761,31-Jan-20,22.15
762,1-Feb-20,23.1
763,2-Feb-20,23.1
764,3-Feb-20,23.4
765,4-Feb-20,22.8
766,5-Feb-20,22.5
767,6-Feb-20,24.3
768,7-Feb-20,27.4
769,8-Feb-20,27.65
770,9-Feb-20,28.8
771,10-Feb-20,22
772,11-Feb-20,24.75
773,12-Feb-20,24.75
774,13-Feb-20,24.6
775,14-Feb-20,25.55
776,15-Feb-20,25.2
777,16-Feb-20,26.4
778,17-Feb-20,25.8
779,18-Feb-20,27.65
780,19-Feb-20,24.5
781,20-Feb-20,23.15
782,21-Feb-20,23.4
783,22-Feb-20,24.1
784,23-Feb-20,23.15
785,24-Feb-20,26.3
786,25-Feb-20,27.8
787,26-Feb-20,26
788,27-Feb-20,26.75
789,28-Feb-20,25.75
790,29-Feb-20,26.1
791,1-Mar-20,24.9
792,2-Mar-20,27.25
793,3-Mar-20,27.1
794,4-Mar-20,26.9
795,5-Mar-20,26.45
796,6-Mar-20,27.25
797,7-Mar-20,26.55
798,8-Mar-20,27.15
799,9-Mar-20,28.1
800,10-Mar-20,27.85
801,11-Mar-20,28.2
802,12-Mar-20,28.55
803,13-Mar-20,27.9
804,14-Mar-20,26.1
805,15-Mar-20,26.35
806,16-Mar-20,27.65
807,17-Mar-20,26.8
808,18-Mar-20,27.55
809,19-Mar-20,26.15
810,20-Mar-20,26.9
811,21-Mar-20,26.9
812,22-Mar-20,26.25
813,23-Mar-20,27.3
814,24-Mar-20,27.85
815,25-Mar-20,27.75
816,26-Mar-20,27.7
817,27-Mar-20,28.25
818,28-Mar-20,27.6
819,29-Mar-20,28.4
820,30-Mar-20,28.55
821,31-Mar-20,28.8
822,1-Apr-20,27.8
823,2-Apr-20,28.5
824,3-Apr-20,28.4
825,4-Apr-20,28.7
826,5-Apr-20,28.5
827,6-Apr-20,28.4
828,7-Apr-20,26.3
829,8-Apr-20,27.5
830,9-Apr-20,28.2
831,10-Apr-20,28.55
832,11-Apr-20,28.85
833,12-Apr-20,28.35
834,13-Apr-20,27.85
835,14-Apr-20,29.2
836,15-Apr-20,26.9
837,16-Apr-20,28.35
838,17-Apr-20,28.1
839,18-Apr-20,28.75
840,19-Apr-20,29.2
841,20-Apr-20,28.75
842,21-Apr-20,29.55
843,22-Apr-20,30
844,23-Apr-20,28.95
845,24-Apr-20,29.35
846,25-Apr-20,29.95
847,26-Apr-20,29.75
848,27-Apr-20,29.6
849,28-Apr-20,30.15
850,29-Apr-20,30.5
851,30-Apr-20,28.75
852,1-May-20,29.5
853,2-May-20,29.6
854,3-May-20,29.55
855,4-May-20,30.2
856,5-May-20,31.3
857,6-May-20,30.7
858,7-May-20,30.8
859,8-May-20,30.7
860,9-May-20,30
861,10-May-20,29.8
862,11-May-20,31.15
863,12-May-20,29.6
864,13-May-20,30.95
865,14-May-20,31.15
866,15-May-20,29.7
867,16-May-20,27.85
868,17-May-20,29.95
869,18-May-20,30.2
870,19-May-20,30.4
871,20-May-20,30.45
872,21-May-20,31.25
873,22-May-20,29.95
874,23-May-20,27.35
875,24-May-20,28.8
876,25-May-20,29.3
877,26-May-20,31.4
878,27-May-20,29.75
879,28-May-20,30.3
880,29-May-20,32.3
881,30-May-20,30.2
882,31-May-20,30.5
883,1-Jun-20,31.05
884,2-Jun-20,30.5
885,3-Jun-20,30.5
886,4-Jun-20,31.25
887,5-Jun-20,30.85
888,6-Jun-20,30.25
889,7-Jun-20,30
890,8-Jun-20,30.7
891,9-Jun-20,29
892,10-Jun-20,30.4
893,11-Jun-20,31.5
894,12-Jun-20,30.05
895,13-Jun-20,29.9
896,14-Jun-20,29.25
897,15-Jun-20,30.25
898,16-Jun-20,29.8
899,17-Jun-20,29.9
900,18-Jun-20,30.55
901,19-Jun-20,30.45
902,20-Jun-20,28.9
903,21-Jun-20,29.75
904,22-Jun-20,29.8
905,23-Jun-20,30.05
906,24-Jun-20,29.35
907,25-Jun-20,30.55
908,26-Jun-20,30.15
909,27-Jun-20,29.7
910,28-Jun-20,28.85
911,29-Jun-20,29.3
912,30-Jun-20,29.2
913,1-Jul-20,30.15
914,2-Jul-20,30
915,3-Jul-20,28.75
916,4-Jul-20,28.25
917,5-Jul-20,28.75
918,6-Jul-20,29.5
919,7-Jul-20,29.1
920,8-Jul-20,29.6
921,9-Jul-20,29.1
922,10-Jul-20,29.95
923,11-Jul-20,28.95
924,12-Jul-20,30.1
925,13-Jul-20,28.4
926,14-Jul-20,27.65
927,15-Jul-20,28.65
928,16-Jul-20,29.55
929,17-Jul-20,28.6
930,18-Jul-20,30.5
931,19-Jul-20,29.35
932,20-Jul-20,29.55
933,21-Jul-20,29.8
934,22-Jul-20,30.1
935,23-Jul-20,29.1
936,24-Jul-20,28.4
937,25-Jul-20,29.65
938,26-Jul-20,29.35
939,27-Jul-20,29.55
940,28-Jul-20,28.9
941,29-Jul-20,29.85
942,30-Jul-20,30.5
943,31-Jul-20,29.45
944,1-Aug-20,28.5
945,2-Aug-20,29.55
946,3-Aug-20,30.25
947,4-Aug-20,29.1
948,5-Aug-20,29.65
949,6-Aug-20,29.8
950,7-Aug-20,30.15
951,8-Aug-20,28.45
952,9-Aug-20,29
953,10-Aug-20,29.1
954,11-Aug-20,29.9
955,12-Aug-20,29.8
956,13-Aug-20,29
957,14-Aug-20,28.8
958,15-Aug-20,28.2
959,16-Aug-20,28.6
960,17-Aug-20,28.55
961,18-Aug-20,29.95
962,19-Aug-20,29.7
963,20-Aug-20,28.75
964,21-Aug-20,27.75
965,22-Aug-20,28.1
966,23-Aug-20,28.5
967,24-Aug-20,29.65
968,25-Aug-20,27.5
969,26-Aug-20,29.75
970,27-Aug-20,29.5
971,28-Aug-20,29.35
972,29-Aug-20,28.5
973,30-Aug-20,28.3
974,31-Aug-20,28.6
975,1-Sep-20,28.85
976,2-Sep-20,29.25
977,3-Sep-20,29.75
978,4-Sep-20,29.5
979,5-Sep-20,29.2
980,6-Sep-20,30
981,7-Sep-20,29.45
982,8-Sep-20,29.9
983,9-Sep-20,29.6
984,10-Sep-20,30.4
985,11-Sep-20,29.3
986,12-Sep-20,29.1
987,13-Sep-20,29.4
988,14-Sep-20,28.75
989,15-Sep-20,30.8
990,16-Sep-20,29.75
991,17-Sep-20,29.9
992,18-Sep-20,29.5
993,19-Sep-20,29.45
994,20-Sep-20,30.1
995,21-Sep-20,29.85
996,22-Sep-20,30.2
997,23-Sep-20,30.25
998,24-Sep-20,30
999,25-Sep-20,29.6
1000,26-Sep-20,29.85
1001,27-Sep-20,29.8
1002,28-Sep-20,29.85
1003,29-Sep-20,29.2
1004,30-Sep-20,29
1005,1-Oct-20,29.4
1006,2-Oct-20,29.75
1007,3-Oct-20,29.5
1008,4-Oct-20,30.3
1009,5-Oct-20,30.65
1010,6-Oct-20,30.6
1011,7-Oct-20,30.35
1012,8-Oct-20,30.1
1013,9-Oct-20,29.3
1014,10-Oct-20,29.05
1015,11-Oct-20,28.75
1016,12-Oct-20,28.25
1017,13-Oct-20,30.65
1018,14-Oct-20,30.35
1019,15-Oct-20,30.15
1020,16-Oct-20,28.5
1021,17-Oct-20,29.25
1022,18-Oct-20,29.75
1023,19-Oct-20,30
1024,20-Oct-20,29.5
1025,21-Oct-20,29.6
1026,22-Oct-20,30.75
1027,23-Oct-20,29.6
1028,24-Oct-20,28.15
1029,25-Oct-20,29
1030,26-Oct-20,30
1031,27-Oct-20,30.1
1032,28-Oct-20,29.15
1033,29-Oct-20,27.8
1034,30-Oct-20,27.4
1035,31-Oct-20,26.9
1036,1-Nov-20,27.2
1037,2-Nov-20,29
1038,3-Nov-20,28.6
1039,4-Nov-20,28
1040,5-Nov-20,27.8
1041,6-Nov-20,27.6
1042,7-Nov-20,27.5
1043,8-Nov-20,27.05
1044,9-Nov-20,27.5
1045,10-Nov-20,28.25
1046,11-Nov-20,27.75
1047,12-Nov-20,27.55
1048,13-Nov-20,29.05
1049,14-Nov-20,29.4
1050,15-Nov-20,29.55
1051,16-Nov-20,30.25
1052,17-Nov-20,29.4
1053,18-Nov-20,28.6
1054,19-Nov-20,28.9
1055,20-Nov-20,28.4
1056,21-Nov-20,29.35
1057,22-Nov-20,29
1058,23-Nov-20,29.05
1059,24-Nov-20,28.75
1060,25-Nov-20,28.25
1061,26-Nov-20,29.05
1062,27-Nov-20,28.55
1063,28-Nov-20,27.65
1064,29-Nov-20,29.35
1065,30-Nov-20,27.25
1066,1-Dec-20,27
1067,2-Dec-20,27.3
1068,3-Dec-20,26.8
1069,4-Dec-20,26.9
1070,5-Dec-20,28.15
1071,6-Dec-20,28.3
1072,7-Dec-20,29.7
1073,8-Dec-20,29.9
1074,9-Dec-20,29.05
1075,10-Dec-20,29.75
1076,11-Dec-20,28.8
1077,12-Dec-20,28.4
1078,13-Dec-20,28.8
1079,14-Dec-20,28.75
1080,15-Dec-20,28.6
1081,16-Dec-20,27.95
1082,17-Dec-20,28.75
1083,18-Dec-20,29.25
1084,19-Dec-20,26.1
1085,20-Dec-20,26.05
1086,21-Dec-20,26.4
1087,22-Dec-20,29
1088,23-Dec-20,28.65
1089,24-Dec-20,27.9
1090,25-Dec-20,28.9
1091,26-Dec-20,29
1092,27-Dec-20,28.75
1093,28-Dec-20,29.2
1094,29-Dec-20,27.5
1095,30-Dec-20,24.85
1096,31-Dec-20,25.45
1097,1-Jan-21,26.5
1098,2-Jan-21,25.65
1099,3-Jan-21,23.95
1100,4-Jan-21,25.7
1101,5-Jan-21,25.45
1102,6-Jan-21,25.65
1103,7-Jan-21,25.9
1104,8-Jan-21,28.5
1105,9-Jan-21,25.85
1106,10-Jan-21,28.1
1107,11-Jan-21,27.05
1108,12-Jan-21,24.4
1109,13-Jan-21,23.55
1110,14-Jan-21,25.45
1111,15-Jan-21,27.1
1112,16-Jan-21,25.5
1113,17-Jan-21,25.25
1114,18-Jan-21,25.65
1115,19-Jan-21,24.75
1116,20-Jan-21,24.3
1117,21-Jan-21,24.15
1118,22-Jan-21,24.25
1119,23-Jan-21,24.8
1120,24-Jan-21,27.1
1121,25-Jan-21,26.75
1122,26-Jan-21,25.75
1123,27-Jan-21,24.75
1124,28-Jan-21,25.95
1125,29-Jan-21,25.7
1126,30-Jan-21,22.15
1127,31-Jan-21,23.1
1128,1-Feb-21,23.1
1129,2-Feb-21,23.4
1130,3-Feb-21,22.8
1131,4-Feb-21,22.5
1132,5-Feb-21,24.3
1133,6-Feb-21,27.4
1134,7-Feb-21,27.65
1135,8-Feb-21,28.8
1136,9-Feb-21,22
1137,10-Feb-21,24.75
1138,11-Feb-21,24.75
1139,12-Feb-21,24.6
1140,13-Feb-21,25.55
1141,14-Feb-21,25.2
1142,15-Feb-21,26.4
1143,16-Feb-21,25.8
1144,17-Feb-21,27.65
1145,18-Feb-21,24.5
1146,19-Feb-21,23.15
1147,20-Feb-21,23.4
1148,21-Feb-21,24.1
1149,22-Feb-21,23.15
1150,23-Feb-21,26.3
1151,24-Feb-21,27.8
1152,25-Feb-21,26
1153,26-Feb-21,26.75
1154,27-Feb-21,25.75
1155,28-Feb-21,26.1
1156,1-Mar-21,24.9
1157,2-Mar-21,27.25
1158,3-Mar-21,27.1
1159,4-Mar-21,26.9
1160,5-Mar-21,26.45
1161,6-Mar-21,27.25
1162,7-Mar-21,26.55
1163,8-Mar-21,27.15
1164,9-Mar-21,28.1
1165,10-Mar-21,27.85
1166,11-Mar-21,28.2
1167,12-Mar-21,28.55
1168,13-Mar-21,27.9
1169,14-Mar-21,26.1
1170,15-Mar-21,26.35
1171,16-Mar-21,27.65
1172,17-Mar-21,26.8
1173,18-Mar-21,27.55
1174,19-Mar-21,26.15
1175,20-Mar-21,26.9
1176,21-Mar-21,26.9
1177,22-Mar-21,26.25
1178,23-Mar-21,27.3
1179,24-Mar-21,27.85
1180,25-Mar-21,27.75
1181,26-Mar-21,27.7
1182,27-Mar-21,28.25
1183,28-Mar-21,27.6
1184,29-Mar-21,28.4
1185,30-Mar-21,28.55
1186,31-Mar-21,28.8
1187,1-Apr-21,27.8
1188,2-Apr-21,28.5
1189,3-Apr-21,28.4
1190,4-Apr-21,28.7
1191,5-Apr-21,28.5
1192,6-Apr-21,28.4
1193,7-Apr-21,26.3
1194,8-Apr-21,27.5
1195,9-Apr-21,28.2
1196,10-Apr-21,28.55
1197,11-Apr-21,28.85
1198,12-Apr-21,28.35
1199,13-Apr-21,27.85
1200,14-Apr-21,29.2
1201,15-Apr-21,26.9
1202,16-Apr-21,28.35
1203,17-Apr-21,28.1
1204,18-Apr-21,28.75
1205,19-Apr-21,29.2
1206,20-Apr-21,28.75
1207,21-Apr-21,29.55
1208,22-Apr-21,30
1209,23-Apr-21,28.95
1210,24-Apr-21,29.35
1211,25-Apr-21,29.95
1212,26-Apr-21,29.75
1213,27-Apr-21,29.6
1214,28-Apr-21,30.15
1215,29-Apr-21,30.5
1216,30-Apr-21,28.75
1217,1-May-21,29.5
1218,2-May-21,29.6
1219,3-May-21,29.55
1220,4-May-21,30.2
1221,5-May-21,31.3
1222,6-May-21,30.7
1223,7-May-21,30.8
1224,8-May-21,30.7
1225,9-May-21,30
1226,10-May-21,29.8
1227,11-May-21,31.15
1228,12-May-21,29.6
1229,13-May-21,30.95
1230,14-May-21,31.15
1231,15-May-21,29.7
1232,16-May-21,27.85
1233,17-May-21,29.95
1234,18-May-21,30.2
1235,19-May-21,30.4
1236,20-May-21,30.45
1237,21-May-21,31.25
1238,22-May-21,29.95
1239,23-May-21,27.35
1240,24-May-21,28.8
1241,25-May-21,29.3
1242,26-May-21,31.4
1243,27-May-21,29.75
1244,28-May-21,30.3
1245,29-May-21,32.3
1246,30-May-21,30.2
1247,31-May-21,30.5
1248,1-Jun-21,31.05
1249,2-Jun-21,30.5
1250,3-Jun-21,30.5
1251,4-Jun-21,31.25
1252,5-Jun-21,30.85
1253,6-Jun-21,30.25
1254,7-Jun-21,30
1255,8-Jun-21,30.7
1256,9-Jun-21,29
1257,10-Jun-21,30.4
1258,11-Jun-21,31.5
1259,12-Jun-21,30.05
1260,13-Jun-21,29.9
1261,14-Jun-21,29.25
1262,15-Jun-21,30.25
1263,16-Jun-21,29.8
1264,17-Jun-21,29.9
1265,18-Jun-21,30.55
1266,19-Jun-21,30.45
1267,20-Jun-21,28.9
1268,21-Jun-21,29.75
1269,22-Jun-21,29.8
1270,23-Jun-21,30.05
1271,24-Jun-21,29.35
1272,25-Jun-21,30.55
1273,26-Jun-21,30.15
1274,27-Jun-21,29.7
1275,28-Jun-21,28.85
1276,29-Jun-21,29.3
1277,30-Jun-21,29.2
1278,1-Jul-21,30.15
1279,2-Jul-21,30
1280,3-Jul-21,28.75
1281,4-Jul-21,28.25
1282,5-Jul-21,28.75
1283,6-Jul-21,29.5
1284,7-Jul-21,29.1
1285,8-Jul-21,29.6
1286,9-Jul-21,29.1
1287,10-Jul-21,29.95
1288,11-Jul-21,28.95
1289,12-Jul-21,30.1
1290,13-Jul-21,28.4
1291,14-Jul-21,27.65
1292,15-Jul-21,28.65
1293,16-Jul-21,29.55
1294,17-Jul-21,28.6
1295,18-Jul-21,30.5
1296,19-Jul-21,29.35
1297,20-Jul-21,29.55
1298,21-Jul-21,29.8
1299,22-Jul-21,30.1
1300,23-Jul-21,29.1
1301,24-Jul-21,28.4
1302,25-Jul-21,29.65
1303,26-Jul-21,29.35
1304,27-Jul-21,29.55
1305,28-Jul-21,28.9
1306,29-Jul-21,29.85
1307,30-Jul-21,30.5
1308,31-Jul-21,29.45
1309,1-Aug-21,28.5
1310,2-Aug-21,29.55
1311,3-Aug-21,30.25
1312,4-Aug-21,29.1
1313,5-Aug-21,29.65
1314,6-Aug-21,29.8
1315,7-Aug-21,30.15
1316,8-Aug-21,28.45
1317,9-Aug-21,29
1318,10-Aug-21,29.1
1319,11-Aug-21,29.9
1320,12-Aug-21,29.8
1321,13-Aug-21,29
1322,14-Aug-21,28.8
1323,15-Aug-21,28.2
1324,16-Aug-21,28.6
1325,17-Aug-21,28.55
1326,18-Aug-21,29.95
1327,19-Aug-21,29.7
1328,20-Aug-21,28.75
1329,21-Aug-21,27.75
1330,22-Aug-21,28.1
1331,23-Aug-21,28.5
1332,24-Aug-21,29.65
1333,25-Aug-21,27.5
1334,26-Aug-21,29.75
1335,27-Aug-21,29.5
1336,28-Aug-21,29.35
1337,29-Aug-21,28.5
1338,30-Aug-21,28.3
1339,31-Aug-21,28.6
1340,1-Sep-21,28.85
1341,2-Sep-21,29.25
1342,3-Sep-21,29.75
1343,4-Sep-21,29.5
1344,5-Sep-21,29.2
1345,6-Sep-21,30
1346,7-Sep-21,29.45
1347,8-Sep-21,29.9
1348,9-Sep-21,29.6
1349,10-Sep-21,30.4
1350,11-Sep-21,29.3
1351,12-Sep-21,29.1
1352,13-Sep-21,29.4
1353,14-Sep-21,28.75
1354,15-Sep-21,30.8
1355,16-Sep-21,29.75
1356,17-Sep-21,29.9
1357,18-Sep-21,29.5
1358,19-Sep-21,29.45
1359,20-Sep-21,30.1
1360,21-Sep-21,29.85
1361,22-Sep-21,30.2
1362,23-Sep-21,30.25
1363,24-Sep-21,30
1364,25-Sep-21,29.6
1365,26-Sep-21,29.85
1366,27-Sep-21,29.8
1367,28-Sep-21,29.85
1368,29-Sep-21,29.2
1369,30-Sep-21,29
1370,1-Oct-21,29.4
1371,2-Oct-21,29.75
1372,3-Oct-21,29.5
1373,4-Oct-21,30.3
1374,5-Oct-21,30.65
1375,6-Oct-21,30.6
1376,7-Oct-21,30.35
1377,8-Oct-21,30.1
1378,9-Oct-21,29.3
1379,10-Oct-21,29.05
1380,11-Oct-21,28.75
1381,12-Oct-21,28.25
1382,13-Oct-21,30.65
1383,14-Oct-21,30.35
1384,15-Oct-21,30.15
1385,16-Oct-21,28.5
1386,17-Oct-21,29.25
1387,18-Oct-21,29.75
1388,19-Oct-21,30
1389,20-Oct-21,29.5
1390,21-Oct-21,29.6
1391,22-Oct-21,30.75
1392,23-Oct-21,29.6
1393,24-Oct-21,28.15
1394,25-Oct-21,29
1395,26-Oct-21,30
1396,27-Oct-21,30.1
1397,28-Oct-21,29.15
1398,29-Oct-21,27.8
1399,30-Oct-21,27.4
1400,31-Oct-21,26.9
1401,1-Nov-21,27.2
1402,2-Nov-21,29
1403,3-Nov-21,28.6
1404,4-Nov-21,28
1405,5-Nov-21,27.8
1406,6-Nov-21,27.6
1407,7-Nov-21,27.5
1408,8-Nov-21,27.05
1409,9-Nov-21,27.5
1410,10-Nov-21,28.25
1411,11-Nov-21,27.75
1412,12-Nov-21,27.55
1413,13-Nov-21,29.05
1414,14-Nov-21,29.4
1415,15-Nov-21,29.55
1416,16-Nov-21,30.25
1417,17-Nov-21,29.4
1418,18-Nov-21,28.6
1419,19-Nov-21,28.9
1420,20-Nov-21,28.4
1421,21-Nov-21,29.35
1422,22-Nov-21,29
1423,23-Nov-21,29.05
1424,24-Nov-21,28.75
1425,25-Nov-21,28.25
1426,26-Nov-21,29.05
1427,27-Nov-21,28.55
1428,28-Nov-21,27.65
1429,29-Nov-21,29.35
1430,30-Nov-21,27.25
1431,1-Dec-21,27
1432,2-Dec-21,27.3
1433,3-Dec-21,26.8
1434,4-Dec-21,26.9
1435,5-Dec-21,28.15
1436,6-Dec-21,28.3
1437,7-Dec-21,29.7
1438,8-Dec-21,29.9
1439,9-Dec-21,29.05
1440,10-Dec-21,29.75
1441,11-Dec-21,28.8
1442,12-Dec-21,28.4
1443,13-Dec-21,28.8
1444,14-Dec-21,28.75
1445,15-Dec-21,28.6
1446,16-Dec-21,27.95
1447,17-Dec-21,28.75
1448,18-Dec-21,29.25
1449,19-Dec-21,26.1
1450,20-Dec-21,26.05
1451,21-Dec-21,26.4
1452,22-Dec-21,29
1453,23-Dec-21,28.65
1454,24-Dec-21,27.9
1455,25-Dec-21,28.9
1456,26-Dec-21,29
1457,27-Dec-21,28.75
1458,28-Dec-21,29.2
1459,29-Dec-21,27.5
1460,30-Dec-21,24.85
1461,31-Dec-21,25.45
1462,1-Jan-22,23.35
1463,2-Jan-22,23.7
1464,3-Jan-22,24.25
1465,4-Jan-22,25.55
1466,5-Jan-22,24.6
1467,6-Jan-22,24.9
1468,7-Jan-22,25.25
1469,8-Jan-22,24.8
1470,9-Jan-22,24.3
1471,10-Jan-22,24
1472,11-Jan-22,22.7
1473,12-Jan-22,23.6
1474,13-Jan-22,23
1475,14-Jan-22,23.25
1476,15-Jan-22,22.6
1477,16-Jan-22,23.4
1478,17-Jan-22,23.65
1479,18-Jan-22,23.75
1480,19-Jan-22,23.9
1481,20-Jan-22,25.8
1482,21-Jan-22,25.7
1483,22-Jan-22,26.15
1484,23-Jan-22,26.85
1485,24-Jan-22,25.85
1486,25-Jan-22,25.95
1487,26-Jan-22,28.05
1488,27-Jan-22,26.1
1489,28-Jan-22,25.5
1490,29-Jan-22,25.15
1491,30-Jan-22,22.2
1492,31-Jan-22,24.55
1493,1-Feb-22,24.45
1494,2-Feb-22,24.75
1495,3-Feb-22,24.15
1496,4-Feb-22,24.3
1497,5-Feb-22,24.25
1498,6-Feb-22,25.2
1499,7-Feb-22,25.4
1500,8-Feb-22,25.95
1501,9-Feb-22,25.45
1502,10-Feb-22,24.8
1503,11-Feb-22,25.95
1504,12-Feb-22,25.9
1505,13-Feb-22,26.2
1506,14-Feb-22,25.65
1507,15-Feb-22,26.15
1508,16-Feb-22,25
1509,17-Feb-22,26.3
1510,18-Feb-22,27.25
1511,19-Feb-22,27.9
1512,20-Feb-22,26.5
1513,21-Feb-22,26.9
1514,22-Feb-22,27.35
1515,23-Feb-22,26.1
1516,24-Feb-22,26.25
1517,25-Feb-22,26.45
1518,26-Feb-22,25.85
1519,27-Feb-22,25.75
1520,28-Feb-22,26.1
1521,1-Mar-22,26.1
1522,2-Mar-22,26.5
1523,3-Mar-22,26
1524,4-Mar-22,26.25
1525,5-Mar-22,25.2
1526,6-Mar-22,26.5
1527,7-Mar-22,26.3
1528,8-Mar-22,26
1529,9-Mar-22,27.75
1530,10-Mar-22,28.85
1531,11-Mar-22,26.8
1532,12-Mar-22,28.7
1533,13-Mar-22,27
1534,14-Mar-22,27.5
1535,15-Mar-22,28.25
1536,16-Mar-22,28.25
1537,17-Mar-22,28.25
1538,18-Mar-22,26.8
1539,19-Mar-22,27.85
1540,20-Mar-22,28
1541,21-Mar-22,27.4
1542,22-Mar-22,28.4
1543,23-Mar-22,27.5
1544,24-Mar-22,28.4
1545,25-Mar-22,28.35
1546,26-Mar-22,28.15
1547,27-Mar-22,29.55
1548,28-Mar-22,28.35
1549,29-Mar-22,30.4
1550,30-Mar-22,29.5
1551,31-Mar-22,28.85
1552,1-Apr-22,28.9
1553,2-Apr-22,28.85
1554,3-Apr-22,29.05
1555,4-Apr-22,28.4
1556,5-Apr-22,29.65
1557,6-Apr-22,29.3
1558,7-Apr-22,30.25
1559,8-Apr-22,29.25
1560,9-Apr-22,28.2
1561,10-Apr-22,28.8
1562,11-Apr-22,28.3
1563,12-Apr-22,28.1
1564,13-Apr-22,28.7
1565,14-Apr-22,27.25
1566,15-Apr-22,26.6
1567,16-Apr-22,28.25
1568,17-Apr-22,28.35
1569,18-Apr-22,27.8
1570,19-Apr-22,28.25
1571,20-Apr-22,28.65
1572,21-Apr-22,28.65
1573,22-Apr-22,29.3
1574,23-Apr-22,27.85
1575,24-Apr-22,28.6
1576,25-Apr-22,29.25
1577,26-Apr-22,29.35
1578,27-Apr-22,28.6
1579,28-Apr-22,29.6
1580,29-Apr-22,31.35
1581,30-Apr-22,30.25
1582,1-May-22,29.3
1583,2-May-22,28.95
1584,3-May-22,30.05
1585,4-May-22,29.9
1586,5-May-22,29.35
1587,6-May-22,29.5
1588,7-May-22,30
1589,8-May-22,30.8
1590,9-May-22,30.5
1591,10-May-22,29.6
1592,11-May-22,29.5
1593,12-May-22,31
1594,13-May-22,29.8
1595,14-May-22,30.3
1596,15-May-22,30.35
1597,16-May-22,30.75
1598,17-May-22,29.75
1599,18-May-22,27.9
1600,19-May-22,27.4
1601,20-May-22,24.5
1602,21-May-22,27.65
1603,22-May-22,28.45
1604,23-May-22,29.25
1605,24-May-22,28.25
1606,25-May-22,28.4
1607,26-May-22,28.55
1608,27-May-22,29.45
1609,28-May-22,29.9
1610,29-May-22,28.35
1611,30-May-22,28.25
1612,31-May-22,29.35
1613,1-Jun-22,27.75
1614,2-Jun-22,29.4
1615,3-Jun-22,28.7
1616,4-Jun-22,28.15
1617,5-Jun-22,28.15
1618,6-Jun-22,28.4
1619,7-Jun-22,29.4
1620,8-Jun-22,28.4
1621,9-Jun-22,29.8
1622,10-Jun-22,28.6
1623,11-Jun-22,28.25
1624,12-Jun-22,29.1
1625,13-Jun-22,28.55
1626,14-Jun-22,28.75
1627,15-Jun-22,28.6
1628,16-Jun-22,29.4
1629,17-Jun-22,28.1
1630,18-Jun-22,29.35
1631,19-Jun-22,28.85
1632,20-Jun-22,28.2
1633,21-Jun-22,28
1634,22-Jun-22,27.6
1635,23-Jun-22,28.25
1636,24-Jun-22,28.2
1637,25-Jun-22,28.1
1638,26-Jun-22,28.25
1639,27-Jun-22,28.3
1640,28-Jun-22,28.45
1641,29-Jun-22,29.2
1642,30-Jun-22,29.3
1643,1-Jul-22,28.6
1644,2-Jul-22,29.2
1645,3-Jul-22,29.35
1646,4-Jul-22,29.1
1647,5-Jul-22,27.75
1648,6-Jul-22,27.8
1649,7-Jul-22,28.75
1650,8-Jul-22,28.5
1651,9-Jul-22,28.6
1652,10-Jul-22,29.45
1653,11-Jul-22,29.4
1654,12-Jul-22,27
1655,13-Jul-22,28.25
1656,14-Jul-22,28.05
1657,15-Jul-22,28.5
1658,16-Jul-22,28.05
1659,17-Jul-22,28.65
1660,18-Jul-22,28.05
1661,19-Jul-22,29.1
1662,20-Jul-22,29.1
1663,21-Jul-22,28.1
1664,22-Jul-22,28.7
1665,23-Jul-22,29.8
1666,24-Jul-22,29.05
1667,25-Jul-22,29.05
1668,26-Jul-22,29
1669,27-Jul-22,28.75
1670,28-Jul-22,28.05
1671,29-Jul-22,28.9
1672,30-Jul-22,28.4
1673,31-Jul-22,28.75
1674,1-Aug-22,28.3
1675,2-Aug-22,28.35
1676,3-Aug-22,27.85
1677,4-Aug-22,28.3
1678,5-Aug-22,28.45
1679,6-Aug-22,29.2
1680,7-Aug-22,28.7
1681,8-Aug-22,27.6
1682,9-Aug-22,27.8
1683,10-Aug-22,27.8
1684,11-Aug-22,27.6
1685,12-Aug-22,27.75
1686,13-Aug-22,27.9
1687,14-Aug-22,28.35
1688,15-Aug-22,27.5
1689,16-Aug-22,27.75
1690,17-Aug-22,27.8
1691,18-Aug-22,27.25
1692,19-Aug-22,26.5
1693,20-Aug-22,27.6
1694,21-Aug-22,28.05
1695,22-Aug-22,27
1696,23-Aug-22,27.35
1697,24-Aug-22,27.9
1698,25-Aug-22,28.1
1699,26-Aug-22,27.9
1700,27-Aug-22,28.1
1701,28-Aug-22,27.8
1702,29-Aug-22,28.35
1703,30-Aug-22,27.85
1704,31-Aug-22,27.9
1705,1-Sep-22,28.25
1706,2-Sep-22,27.4
1707,3-Sep-22,26.8
1708,4-Sep-22,27.4
1709,5-Sep-22,27.95
1710,6-Sep-22,28.4
1711,7-Sep-22,29.4
1712,8-Sep-22,28.8
1713,9-Sep-22,28.8
1714,10-Sep-22,28.35
1715,11-Sep-22,27.8
1716,12-Sep-22,27.5
1717,13-Sep-22,27.15
1718,14-Sep-22,27.9
1719,15-Sep-22,27.75
1720,16-Sep-22,27.55
1721,17-Sep-22,27.35
1722,18-Sep-22,26.85
1723,19-Sep-22,26.5
1724,20-Sep-22,26.7
1725,21-Sep-22,26.9
1726,22-Sep-22,27.3
1727,23-Sep-22,26.75
1728,24-Sep-22,28.15
1729,25-Sep-22,28.2
1730,26-Sep-22,27.8
1731,27-Sep-22,28.4
1732,28-Sep-22,28.3
1733,29-Sep-22,27.9
1734,30-Sep-22,28.75
1735,1-Oct-22,28.1
1736,2-Oct-22,27.25
1737,3-Oct-22,28.9
1738,4-Oct-22,29.4
1739,5-Oct-22,29.55
1740,6-Oct-22,28.75
1741,7-Oct-22,29.35
1742,8-Oct-22,28.6
1743,9-Oct-22,27.95
1744,10-Oct-22,28.65
1745,11-Oct-22,26.45
1746,12-Oct-22,26.65
1747,13-Oct-22,26.25
1748,14-Oct-22,27.5
1749,15-Oct-22,25.85
1750,16-Oct-22,26.05
1751,17-Oct-22,27.25
1752,18-Oct-22,28.4
1753,19-Oct-22,27.5
1754,20-Oct-22,26.55
1755,21-Oct-22,27.2
1756,22-Oct-22,27.5
1757,23-Oct-22,28.25
1758,24-Oct-22,27.05
1759,25-Oct-22,25.5
1760,26-Oct-22,25.4
1761,27-Oct-22,27.35
1762,28-Oct-22,27.65
1763,29-Oct-22,27.15
1764,30-Oct-22,27.4
1765,31-Oct-22,28.85
1766,1-Nov-22,27.1
1767,2-Nov-22,27.1
1768,3-Nov-22,26.8
1769,4-Nov-22,28.1
1770,5-Nov-22,27.4
1771,6-Nov-22,26.5
1772,7-Nov-22,26.5
1773,8-Nov-22,27.05
1774,9-Nov-22,27.55
1775,10-Nov-22,27.3
1776,11-Nov-22,27.75
1777,12-Nov-22,28.05
1778,13-Nov-22,27.35
1779,14-Nov-22,28.2
1780,15-Nov-22,28.4
1781,16-Nov-22,26.9
1782,17-Nov-22,28.15
1783,18-Nov-22,27.2
1784,19-Nov-22,28.35
1785,20-Nov-22,28.3
1786,21-Nov-22,28.95
1787,22-Nov-22,28.5
1788,23-Nov-22,27.75
1789,24-Nov-22,28.45
1790,25-Nov-22,28.2
1791,26-Nov-22,27.05
1792,27-Nov-22,26.9
1793,28-Nov-22,26.8
1794,29-Nov-22,27.3
1795,30-Nov-22,27.45
1796,1-Dec-22,26.25
1797,2-Dec-22,27.25
1798,3-Dec-22,28.15
1799,4-Dec-22,26.1
1800,5-Dec-22,27.85
1801,6-Dec-22,27.45
1802,7-Dec-22,28.85
1803,8-Dec-22,27.75
1804,9-Dec-22,26.3
1805,10-Dec-22,25.1
1806,11-Dec-22,24.65
1807,12-Dec-22,26.25
1808,13-Dec-22,26.65
1809,14-Dec-22,27.4
1810,15-Dec-22,27.9
1811,16-Dec-22,27.4
1812,17-Dec-22,27.85
1813,18-Dec-22,25.25
1814,19-Dec-22,24.9
1815,20-Dec-22,25.65
1816,21-Dec-22,26.95
1817,22-Dec-22,24.45
1818,23-Dec-22,26
1819,24-Dec-22,23
1820,25-Dec-22,21.3
1821,26-Dec-22,21.5
1822,27-Dec-22,22.5
1823,28-Dec-22,23.7
1824,29-Dec-22,25.05
1825,30-Dec-22,24.25
1826,31-Dec-22,26.6
